block,name,row,col,width,height,/
PRESS,TABLE,1,14,2,1,
PRESS,TABLE,1,17,2,1,
PRESS,TABLE,1,21,2,1,
PRESS,TABLE,1,24,2,1,
PRESS,TABLE,3,14,2,1,
PRESS,TABLE,3,17,2,1,
PRESS,TABLE,3,21,2,1,
PRESS,TABLE,3,24,2,1,
PRESS,TABLE,5,5,2,1,
PRESS,TABLE,5,8,2,1,
PRESS,TABLE,5,11,2,1,
PRESS,TABLE,5,14,2,1,
PRESS,TABLE,5,17,2,1,
PRESS,TABLE,5,21,2,1,
PRESS,TABLE,5,24,2,1,
PRESS,TABLE,5,27,2,1,
PRESS,TABLE,5,30,2,1,
PRESS,TABLE,5,33,2,1,
PRESS,TABLE,5,36,2,1,
PRESS,TABLE,7,5,2,1,
PRESS,TABLE,7,8,2,1,
PRESS,TABLE,7,11,2,1,
PRESS,TABLE,7,14,2,1,
PRESS,TABLE,7,17,2,1,
PRESS,TABLE,7,21,2,1,
PRESS,TABLE,7,24,2,1,
PRESS,TABLE,7,27,2,1,
PRESS,TABLE,7,30,2,1,
PRESS,TABLE,7,33,2,1,
PRESS,TABLE,7,36,2,1,
PRESS,TABLE,9,2,2,1,
PRESS,TABLE,9,5,2,1,
PRESS,TABLE,9,8,2,1,
PRESS,TABLE,9,11,2,1,
PRESS,TABLE,9,14,2,1,
PRESS,TABLE,9,17,2,1,
PRESS,TABLE,9,21,2,1,
PRESS,TABLE,9,24,2,1,
PRESS,TABLE,9,27,2,1,
PRESS,TABLE,9,30,2,1,
PRESS,TABLE,9,33,2,1,
PRESS,TABLE,9,36,2,1,
PRESS,TABLE,11,2,2,1,
PRESS,TABLE,11,5,2,1,
PRESS,TABLE,11,8,2,1,
PRESS,TABLE,11,11,2,1,
PRESS,TABLE,11,14,2,1,
PRESS,TABLE,11,17,2,1,
PRESS,TABLE,11,21,2,1,
PRESS,TABLE,11,24,2,1,
PRESS,TABLE,11,27,2,1,
PRESS,TABLE,11,30,2,1,
PRESS,TABLE,11,33,2,1,
PRESS,TABLE,11,36,2,1,
PRESS,TABLE,13,2,2,1,
PRESS,TABLE,13,5,2,1,
PRESS,TABLE,13,8,2,1,
PRESS,TABLE,13,11,2,1,
PRESS,TABLE,13,14,2,1,
PRESS,TABLE,13,17,2,1,
PRESS,TABLE,13,21,2,1,
PRESS,TABLE,13,24,2,1,
PRESS,TABLE,13,27,2,1,
PRESS,TABLE,13,30,2,1,
PRESS,TABLE,13,33,2,1,
PRESS,TABLE,13,36,2,1,
PRESS,TABLE,15,1,3,1,
PRESS,TABLE,15,4,3,1,
PRESS,TABLE,15,7,3,1,
PRESS,TABLE,15,10,3,1,
PRESS,TABLE,15,13,3,1,
PRESS,TABLE,15,16,3,1,
PRESS,TABLE,15,21,3,1,
PRESS,TABLE,15,24,3,1,
PRESS,TABLE,15,27,3,1,
PRESS,TABLE,15,30,3,1,
PRESS,TABLE,15,33,3,1,
PRESS,TABLE,15,36,3,1,
PRESS,TABLE,17,1,3,1,
PRESS,TABLE,17,4,3,1,
PRESS,TABLE,17,7,3,1,
PRESS,TABLE,17,10,3,1,
PRESS,TABLE,17,13,3,1,
PRESS,TABLE,17,16,3,1,
PRESS,TABLE,17,21,3,1,
PRESS,TABLE,17,24,3,1,
PRESS,TABLE,17,27,3,1,
PRESS,TABLE,17,30,3,1,
PRESS,TABLE,17,33,3,1,
PRESS,TABLE,17,36,3,1,
PRESS,TABLE,19,1,3,1,
PRESS,TABLE,19,4,3,1,
PRESS,TABLE,19,7,3,1,
PRESS,TABLE,19,10,3,1,
PRESS,TABLE,19,13,3,1,
PRESS,TABLE,19,16,3,1,
PRESS,TABLE,19,21,3,1,
PRESS,TABLE,19,24,3,1,
PRESS,TABLE,19,27,3,1,
PRESS,TABLE,19,30,3,1,
PRESS,TABLE,19,33,3,1,
PRESS,TABLE,19,36,3,1,
PRESS,TABLE,21,1,3,1,
PRESS,TABLE,21,4,3,1,
PRESS,TABLE,21,7,3,1,
PRESS,TABLE,21,10,3,1,
PRESS,TABLE,21,13,3,1,
PRESS,TABLE,21,16,3,1,
PRESS,TABLE,21,21,3,1,
PRESS,TABLE,21,24,3,1,
PRESS,TABLE,21,27,3,1,
PRESS,TABLE,21,30,3,1,
PRESS,TABLE,21,33,3,1,
PRESS,TABLE,21,36,3,1,
PRESS,TABLE,23,1,3,1,
PRESS,TABLE,23,4,3,1,
PRESS,TABLE,23,7,3,1,
PRESS,TABLE,23,10,3,1,
PRESS,TABLE,23,13,3,1,
PRESS,TABLE,23,16,3,1,
PRESS,TABLE,23,21,3,1,